name,postalZip,country,numberrange,currency
Lareina Rice,4661,South Korea,5,$24.84
Reece Cherry,45734,Belgium,10,$54.19
Felicia Franklin,3574,Philippines,8,$17.05
Charity Huber,74561,New Zealand,5,$41.28
Tamara Aguirre,462627,Pakistan,7,$12.67
Branden Gillespie,T19 6MB,Indonesia,8,$86.50
Xantha Stewart,HO73 3BR,Norway,2,$30.05
Raven Browning,76746,Costa Rica,2,$55.09
Ocean Velasquez,24538,United States,5,$87.29
Carol Bates,74761-731,Mexico,0,$12.09
Raymond Underwood,8567-2156,Italy,0,$92.67
Arsenio Frederick,8883,Peru,1,$44.72
Brielle Washington,953566,Sweden,7,$73.65
Cyrus Coleman,8538,Belgium,2,$27.57
Todd Conley,858165,Turkey,3,$41.40
Sopoline Vaughan,187927,Costa Rica,0,$76.74
Ursula Buchanan,2502,Australia,4,$62.98
Oren Curtis,38-139,China,5,$67.88
Emma Jacobs,2221,Vietnam,3,$30.35
Gail Hunt,18434,Austria,2,$50.56
Dolan Jordan,587448,Costa Rica,2,$99.60
Vielka Goodwin,61-414,Norway,8,$90.84
Lee Travis,471843,Turkey,5,$83.19
Kareem Oliver,95311,New Zealand,7,$85.94
Hilel Ewing,27425,Canada,4,$51.97
Kirsten Schultz,4268,Netherlands,9,$73.41
Justine Rogers,56713,Netherlands,3,$34.63
Nell Hess,08987,Colombia,4,$41.03
Emma Cruz,76712,United Kingdom,9,$23.33
Akeem Hinton,07433,Canada,1,$94.94
Lester O'donnell,85192,Spain,4,$94.25
Fulton Puckett,2381,Nigeria,1,$89.63
Dominic Short,79477,Colombia,6,$99.19
Steven Austin,236831,Netherlands,4,$61.10
Odysseus Butler,6633,Belgium,7,$88.92
Keaton Vaughn,781141,Russian Federation,10,$42.82
Steel Rivas,13464,Costa Rica,2,$80.95
Melanie Fletcher,7334,Italy,4,$5.27
Garth Brock,5588-6122,Austria,2,$5.28
Lillith Greer,30210,United Kingdom,7,$72.94
Chandler Marquez,41871,Spain,1,$65.20
Mohammad O'connor,22893-44766,Indonesia,8,$5.82
Eleanor Holmes,16830,South Korea,3,$27.67
Christine Black,54595,Austria,4,$34.02
Ora Rojas,13155,Italy,4,$51.18
Ivan Clark,235740,Pakistan,2,$53.85
Desirae Davis,81903,Russian Federation,1,$96.03
Dante Watts,14791,South Africa,7,$68.12
Ila Lynn,54581,Singapore,7,$85.13
Anthony Daugherty,23057,Netherlands,5,$49.96
Brandon Hunt,17624,Norway,2,$85.92
Denton Clark,7755,Spain,7,$79.07
Claudia O'donnell,51482,Sweden,2,$67.29
Vance Barrera,2259,Costa Rica,6,$0.47
Abigail Perkins,20903,Philippines,5,$58.48
Ivor Burris,144313,Vietnam,6,$90.14
Nash Holden,38669,Canada,3,$31.62
Jillian Gamble,180845,Austria,3,$77.49
Zephania Wilkinson,35487,Singapore,6,$19.37
September Parrish,30601,Ireland,3,$82.70
Latifah Leach,369741,Spain,7,$59.79
Plato Hull,958577,United States,7,$22.59
Kellie Walls,41613,Peru,2,$58.01
Quamar Pearson,434614,New Zealand,9,$67.01
Dexter Mcneil,16368,Spain,3,$12.73
Lionel Cardenas,81235,Singapore,9,$47.13
Mariko Haney,2821-2911,France,4,$33.55
Fallon Hickman,21857,South Africa,8,$48.97
Bethany Holcomb,840051,Turkey,6,$36.01
Alvin Stone,19552,India,4,$79.20
Kenneth Hopkins,2675-9196,South Korea,2,$30.63
Sierra Cote,126077,France,10,$10.00
Alma Griffith,472700,Spain,9,$9.11
Amos Woodward,281623,United States,10,$38.54
Amal Pitts,46080,Brazil,5,$65.99
MacKenzie Cameron,07820,Belgium,6,$43.61
Gail Lambert,391434,Sweden,4,$96.05
Brent Howe,663472,Nigeria,9,$46.07
Emery Haynes,348282,Australia,4,$94.09
Cyrus Parker,40561,Spain,4,$7.55
Maxine Avila,58767,Mexico,4,$53.80
Imogene Booker,8648,Brazil,6,$44.58
Samson Huber,7105-8111,Peru,8,$22.70
Garth Fischer,456623,Belgium,7,$75.39
Wallace Hester,35869-13056,Singapore,6,$70.82
Kimberley Valdez,62598,Vietnam,0,$82.39
Walker Peters,45663,Pakistan,1,$84.87
Clarke Morse,17362,Mexico,8,$30.76
Linus Silva,456278,Italy,4,$29.27
Skyler Wilkerson,231182,Singapore,1,$31.93
Thomas Franklin,13233,United Kingdom,7,$67.42
Keaton Aguirre,768588,Vietnam,6,$4.26
Alisa Wilkins,4472,Chile,8,$76.64
Owen Marquez,53-83,Netherlands,4,$9.17
Eve Reilly,971441,Chile,5,$89.85
Driscoll Snow,20875,Vietnam,2,$89.30
Beau Ryan,4793-0632,China,8,$84.08
Leila Rose,6506 JE,United States,5,$11.18
Nehru Navarro,28-28,Germany,1,$57.25
Lareina Merritt,29205,Colombia,4,$51.60
